,,,,,Regular Season,,,,,,,,,Playoffs,,,,,,,,Postseason Result,,,,,,501 Stats - as recorded by DartConnect,,,,,,,,,,Cricket Stats,,,,,,,
Player,Season,Division,Place,,C-W,C-L,5-W,5-L,BP,MW,ML,MD,,C-W,C-L,5-W,5-L,MW,ML,MD,,Playoff Bracket,Playoff Finish,P/R,Result,Color,,180s,High Out,Doubles,Chances,Points,Darts,CO%,3DA,,,9M,Marks,Darts,T/B,Hits,MPR,T/B%,Hit%
The Surgeon,Spring 2018,A,1,,19,3,49,6,25,10,1,0,,4,2,11,1,3,,,,Championship,W,,,CP,,0,115,49,201,27261,1496,24.38%,54.67,,,0,704,832,153,538,2.54,18.39%,64.66%
The Criminal,Spring 2018,A,2,,18,4,40,15,17,10,1,0,,5,1,6,5,2,1,,,Championship,F,,,CP,,1,102,39,209,26257,1598,18.66%,49.29,,,1,804,1035,149,628,2.33,14.40%,60.68%
Radar,Spring 2018,A,3,,15,7,36,19,8,8,3,0,,2,2,2,3,1,1,,,Championship,SF,,,CP,,0,76,36,228,26485,1790,15.79%,44.39,,,0,679,958,133,521,2.13,13.88%,54.38%
Slappy Pappy,Spring 2018,A,4,,14,8,27,28,3,7,4,0,,,2,1,2,,1,,,Championship,QF,,,CP,,0,56,27,224,25621,1888,12.05%,40.71,,,0,615,1019,126,447,1.81,12.37%,43.87%
Dilly Dilly,Spring 2018,A,5,,11,11,26,29,7,6,5,0,,3,1,2,5,1,1,,,Championship,SF,,,CP,,0,103,26,232,26087,1884,11.21%,41.54,,,0,640,1041,109,518,1.84,10.47%,49.76%
Pepe Le,Spring 2018,A,6,,8,14,31,24,1,5,6,0,,,2,,2,,1,,,Championship,QF,,,CP,,0,58,30,228,24705,1805,13.16%,41.06,,,0,488,874,80,422,1.68,9.15%,48.28%
Outlander,Spring 2018,A,7,,14,8,21,34,4,5,6,0,,2,2,2,2,1,1,,,Championship Qualifying,QF,,,RP,,0,94,21,242,26071,2026,8.68%,38.60,,,0,640,1180,110,543,1.63,9.32%,46.02%
Red Rascal,Spring 2018,A,8,,9,13,24,31,7,5,6,0,,,2,2,2,,1,,,Championship Qualifying,1R,R,Relegated to B,RP,,1,47,24,250,25724,2002,9.60%,38.55,,,0,541,986,100,434,1.65,10.14%,44.02%
The Author,Spring 2018,A,9,,6,16,27,28,2,5,6,0,,2,2,2,4,1,1,,,Championship Qualifying,QF,,,RP,,0,130,27,247,25251,2037,10.93%,37.19,,,0,550,1119,88,451,1.47,7.86%,40.30%
Bud The Chud,Spring 2018,A,10,,10,12,19,36,3,4,7,0,,,2,,2,,1,,,Championship Qualifying,1R,R,Relegated to B,RP,,0,40,20,229,27261,1991,8.73%,41.08,,,0,588,1075,98,476,1.64,9.12%,44.28%
Beef Easy,Spring 2018,A,11,,1,21,19,36,1,1,10,0,,,,,,,,,,,,R,Relegated to B,R,,0,78,19,235,26198,1988,8.09%,39.53,,,0,430,1021,53,372,1.26,5.19%,36.43%
The Lush,Spring 2018,A,12,,7,15,11,44,3,0,11,0,,,,,,,,,,,,R,Relegated to B,R,,0,75,12,211,25659,2014,5.69%,38.22,,,0,464,980,80,385,1.42,8.16%,39.29%
,,,,,,,,,,,,,,,,,,,,,,,,,,,,,,,,,,,,,,,,,,,,,
The Surgeon,Summer 2018,A,1,,13,1,39,3,18,7,0,,,3,1,6,6,1,1,,,Championship,F,,,CP,,3,82,45,159,26425,1352,28.30%,58.64,,,0,518,559,107,383,2.78,19.14%,68.52%
The Criminal,Summer 2018,A,2,,12,2,33,9,12,6,1,,,3,1,8,4,2,,,,Championship,W,,,CP,,2,100,41,203,26483,1524,20.20%,52.13,,,1,596,694,121,437,2.58,17.44%,62.97%
Radar,Summer 2018,A,3,,7,7,19,23,6,3,3,1,,,2,,2,,1,,,Championship,QF,,,CP,,0,72,19,140,19885,1380,13.57%,43.23,,,0,446,694,85,339,1.93,12.25%,48.85%
Dilly Dilly,Summer 2018,A,4,,8,6,17,25,4,2,3,2,,1,3,4,4,1,1,,,Championship,SF,,,CP,,0,155,19,148,21654,1438,12.84%,45.18,,,0,427,658,88,337,1.95,13.37%,51.22%
Pepe Le,Summer 2018,A,5,,6,8,18,22,2,3,3,1,,1,1,1,3,,1,,,Championship,QF,,,CP,,0,89,19,162,20923,1401,11.73%,44.80,,,0,388,610,65,308,1.91,10.66%,50.49%
The Author,Summer 2018,A,6,,5,9,16,26,5,2,4,1,,2,2,3,3,1,1,,,Championship,SF,,,CP,,0,116,18,147,21305,1449,12.24%,44.11,,,0,436,685,78,359,1.91,11.39%,52.41%
Slappy Pappy,Summer 2018,A,7,,3,11,15,27,2,1,5,1,,,,,,,,,,,,,,,,0,77,15,142,18499,1316,10.56%,42.17,,,0,305,567,54,234,1.61,9.52%,41.27%
Outlander,Summer 2018,A,8,,2,12,11,31,1,1,6,,,,,,,,,,,,,R,Relegated to B,R,,0,46,11,131,19015,1371,8.40%,41.61,,,0,266,488,40,222,1.64,8.20%,45.49%
,,,,,,,,,,,,,,,,,,,,,,,,,,,,,,,,,,,,,,,,,,,,,
Red Rascal,Summer 2018,B,1,,10,4,24,11,9,6,1,,,,,,,,,,,,,P,Promoted to A,P,,0,70,24,179,18523,1378,13.41%,40.33,,,0,426,711,78,326,1.80,10.97%,45.85%
The Accountant,Summer 2018,B,2,,10,4,24,11,6,6,1,,,,,,,,,,,,,P,Promoted to A,P,,0,105,27,157,18505,1287,17.20%,43.14,,,0,466,759,81,368,1.84,10.67%,48.48%
Bud The Chud,Summer 2018,B,3,,11,3,22,13,8,5,2,,,2,,3,5,1,1,,,B Promotion Playoffs,F,,,PP,,0,55,23,167,16883,1265,13.77%,40.04,,,0,434,779,67,363,1.67,8.60%,46.60%
DJ My Q's,Summer 2018,B,4,,9,5,20,15,9,5,2,,,2,2,8,1,2,,,,B Promotion Playoffs,W,P,Promoted to A,PP,,0,72,25,236,20409,1663,10.59%,36.82,,,0,506,926,99,395,1.64,10.69%,42.66%
The Lush,Summer 2018,B,5,,6,8,17,18,5,3,4,,,2,2,,3,,1,,,B Promotion Playoffs,SF,,,PP,,0,54,14,168,15869,1265,8.33%,37.63,,,0,348,668,48,298,1.56,7.19%,44.61%
The Jig,Summer 2018,B,6,,5,9,12,23,4,1,6,,,,2,,2,,1,,,B Promotion Playoffs,SF,,,PP,,0,84,12,149,16518,1406,8.05%,35.24,,,0,362,742,62,291,1.46,8.36%,39.22%
Beef Easy,Summer 2018,B,7,,4,10,10,25,2,2,5,,,,,,,,,,,,,,,,,0,53,9,143,14101,1153,6.29%,36.69,,,0,266,593,51,208,1.35,8.60%,35.08%
Triple T,Summer 2018,B,8,,1,13,11,24,1,,7,,,,,,,,,,,,,,,,,0,61,11,167,15744,1398,6.59%,33.79,,,0,274,786,42,236,1.05,5.34%,30.03%
,,,,,,,,,,,,,,,,,,,,,,,,,,,,,,,,,,,,,,,,,,,,,
The Surgeon,Fall 2018,A,1,,15,3,35,19,19,7,1,1,,3,1,8,6,1,1,,,Championship,F,,,CP,,1,116,41,230,32125,1789,17.83%,53.87,,,0,608,705,131,466,2.59,18.58%,66.10%
Radar,Fall 2018,A,2,,12,6,33,21,10,6,2,1,,1,1,,5,,1,,,Championship,SF,,,CP,,3,65,34,193,27704,1745,17.62%,47.63,,,0,500,675,98,376,2.22,14.52%,55.70%
The Criminal,Fall 2018,A,3,,14,4,30,24,12,6,1,2,,4,2,14,4,3,,,,Championship,W,,,CP,,2,141,44,234,35397,1973,18.80%,53.82,,,2,797,968,140,636,2.47,14.46%,65.70%
DJ My Q's,Fall 2018,A,4,,7,11,32,22,4,3,5,1,,2,2,3,5,1,1,,,Championship,SF,,,CP,,1,90,35,203,28116,1744,17.24%,48.36,,,0,564,932,88,471,1.82,9.44%,50.54%
Dilly Dilly,Fall 2018,A,5,,10,8,25,29,4,3,3,3,,,2,1,3,,1,,,Championship,QF,,,CP,,0,82,25,188,26634,1767,13.30%,45.22,,,0,562,852,92,459,1.98,10.80%,53.87%
Pepe Le,Fall 2018,A,6,,9,9,25,29,5,3,4,2,,,2,,3,,1,,,Championship,QF,,,CP,,0,75,23,171,26111,1656,13.45%,47.30,,,0,532,754,95,423,2.12,12.60%,56.10%
The Accountant,Fall 2018,A,7,,9,9,24,30,5,3,4,2,,3,1,5,6,1,1,,,A/B Playoff,SF,R,Relegated to B,RP,,0,78,24,162,24451,1666,14.81%,44.03,,,0,490,780,73,392,1.88,9.36%,50.26%
Red Rascal,Fall 2018,A,8,,7,11,25,29,3,2,4,3,,3,3,12,8,3,,,,A/B Playoff,W,,,RP,,0,97,25,178,25258,1724,14.04%,43.95,,,0,490,764,88,403,1.92,11.52%,52.75%
The Author,Fall 2018,A,9,,5,13,23,31,5,2,4,3,,,,,,,,,,,,R,Relegated to B,R,,1,120,23,185,25198,1638,12.43%,46.15,,,0,461,774,77,387,1.79,9.95%,50.00%
Slappy Pappy,Fall 2018,A,10,,2,16,18,36,3,0,7,2,,,,,,,,,,,,R,Relegated to B,R,,0,109,18,145,23278,1674,12.41%,41.72,,,0,368,714,53,307,1.55,7.42%,43.00%
,,,,,,,,,,,,,,,,,,,,,,,,,,,,,,,,,,,,,,,,,,,,,
Lazer Cat,Fall 2018,B,1,,13,3,29,11,42,6,2,,,,,,,,,,,Promoted,,P,Promoted to A,P,,0,120,29,154,19577,1242,18.83%,47.29,,,0,470,750,94,390,1.88,12.53%,52.00%
Outlander,Fall 2018,B,2,,14,2,24,16,38,7,1,,,1,1,3,4,,1,,,A/B Playoff,SF,,,PP,,0,113,24,156,19040,1335,15.38%,42.79,,,0,456,735,86,358,1.86,11.70%,48.71%
Bud The Chud,Fall 2018,B,3,,10,6,28,12,38,6,2,,,2,2,8,8,1,1,,,A/B Playoff,F,,,PP,,0,96,27,164,18627,1348,16.46%,41.45,,,0,340,853,56,290,1.20,6.57%,34.00%
The Lush,Fall 2018,B,4,,12,4,24,16,36,5,3,,,1,1,1,3,,1,,,A/B Playoff,QF,,,PP,,0,74,24,171,19113,1430,14.04%,40.10,,,0,433,791,69,347,1.64,8.72%,43.87%
Scooter McGooch,Fall 2018,B,5,,9,7,25,15,34,6,2,,,,2,2,2,,1,,,A/B Playoff,QF,,,PP,,0,60,25,192,19427,1482,13.02%,39.33,,,0,445,849,82,361,1.57,9.66%,42.52%
Beef Easy,Fall 2018,B,6,,6,10,19,21,25,3,5,,,,,,,,,,,,,,,,,0,71,19,174,19678,1472,10.92%,40.10,,,0,351,725,56,291,1.45,7.72%,40.14%
Cali Kid,Fall 2018,B,7,,5,11,17,23,22,2,6,,,,,,,,,,,,,R,Relegated to C,R,,0,66,17,197,17991,1550,8.63%,34.82,,,0,375,880,62,304,1.28,7.05%,34.55%
Triple T,Fall 2018,B,8,,3,13,10,30,13,1,7,,,,,,,,,,,,,R,Relegated to C,R,,0,42,10,172,18002,1524,5.81%,35.44,,,0,340,853,56,290,1.20,6.57%,34.00%
The Law,Fall 2018,B,9,,0,16,4,36,4,0,8,,,,,,,,,,,,,R,Relegated to C,R,,0,18,4,174,16637,1648,2.30%,30.29,,,0,266,861,29,218,0.93,3.37%,25.32%
,,,,,,,,,,,,,,,,,,,,,,,,,,,,,,,,,,,,,,,,,,,,,
Lazer Cat,Winter 2019,A,1,,10,4,33,16,10,7,0,0,,,2,3,4,,1,,,Championship,SF,,,CP,,3,117,36,185,26941,1569,19.46%,51.51,,,0,499,590,93,383,2.54,15.76%,64.92%
The Surgeon,Winter 2019,A,2,,9,5,30,19,6,4,3,0,,,2,2,4,,1,,,Championship,SF,,,CP,,1,114,31,169,26042,1477,18.34%,52.90,,,0,472,561,100,350,2.52,17.83%,62.39%
The Criminal,Winter 2019,A,3,,12,2,22,27,9,5,2,0,,4,2,14,6,3,,,,Championship,W,,,CP,,1,91,36,218,32046,1830,16.51%,52.53,,,2,741,891,138,564,2.49,15.49%,63.30%
Red Rascal,Winter 2019,A,4,,6,8,25,24,6,3,4,0,,,2,,3,,1,,,Championship,QF,,,CP,,1,116,23,150,23345,1484,15.33%,47.19,,,0,434,628,88,335,2.07,14.01%,53.34%
DJ My Q's,Winter 2019,A,5,,7,7,23,26,6,3,4,0,,5,1,11,9,2,1,,,Championship,F,,,CP,,1,124,34,212,32378,1882,16.04%,51.61,,,0,644,850,108,524,2.27,12.71%,61.65%
Pepe Le,Winter 2019,A,6,,3,11,26,23,3,2,5,0,,1,1,,4,,1,,,Championship,QF,,,CP,,0,80,21,135,21051,1298,15.56%,48.65,,,1,352,492,60,279,2.15,12.20%,56.71%
Dilly Dilly,Winter 2019,A,7,,6,8,21,28,5,3,4,0,,,,,,,,,,,,,,,,0,81,19,132,19338,1293,14.39%,44.87,,,0,283,452,45,230,1.88,9.96%,50.88%
Radar,Winter 2019,A,8,,3,11,16,33,2,1,6,0,,,,,,,,,,,,R,Relegated to B,R,,0,91,16,149,21943,1431,10.74%,46.00,,,0,389,585,75,298,1.99,12.82%,50.94%
,,,,,,,,,,,,,,,,,,,,,,,,,,,,,,,,,,,,,,,,,,,,,
The Accountant,Winter 2019,B,1,,12,2,21,14,5,5,2,0,,,,,,,,,,,,P,Promoted to A,P,,0,69,21,126,16733,1091,16.67%,46.01,,,0,419,662,83,332,1.90,12.54%,50.15%
Bud The Chud,Winter 2019,B,2,,8,6,22,13,5,5,2,0,,3,1,5,8,1,1,,,B Promotion Playoffs,F,,,PP,,1,94,24,200,21753,1564,12.00%,41.73,,,0,599,960,94,491,1.87,9.79%,51.15%
The Lush,Winter 2019,B,3,,8,6,19,16,8,3,4,0,,1,1,2,4,,1,,,B Promotion Playoffs,SF,,,PP,,0,84,20,164,19322,1374,12.20%,42.19,,,0,462,752,75,373,1.84,9.97%,49.60%
Outlander,Winter 2019,B,4,,7,7,18,17,5,4,3,0,,1,3,10,3,2,,,,B Promotion Playoffs,W,P,Promoted to A,PP,,0,65,28,197,22491,1687,14.21%,40.00,,,0,458,793,64,375,1.73,8.07%,47.29%
Slappy Pappy,Winter 2019,B,5,,8,6,15,20,6,3,4,0,,1,1,2,4,,1,,,B Promotion Playoffs,SF,,,PP,,0,64,17,149,18516,1252,11.41%,44.37,,,0,451,765,70,342,1.77,9.15%,44.71%
Scooter McGooch,Winter 2019,B,6,,4,10,17,18,7,3,4,0,,,,,,,,,,,,,,,,0,72,17,140,15814,1112,12.14%,42.66,,,0,344,626,50,288,1.65,7.99%,46.01%
Beef Easy,Winter 2019,B,7,,3,11,17,18,1,3,4,0,,,,,,,,,,,,,,,,0,54,17,133,16329,1190,12.78%,41.17,,,0,290,589,46,239,1.48,7.81%,40.58%
The Author,Winter 2019,B,8,,6,8,11,24,3,2,5,0,,,,,,,,,,,,R,Relegated to C,R,,0,86,11,120,16438,1141,9.17%,43.22,,,0,374,652,63,307,1.72,9.66%,47.09%
,,,,,,,,,,,,,,,,,,,,,,,,,,,,,,,,,,,,,,,,,,,,,
The Jig,Winter 2019,C,1,,12,4,20,4,9,7,1,0,,,,,,,,,,,,P,Promoted to B,P,,0,85,20,156,11973,949,12.82%,37.85,,,0,401,692,72,321,1.74,10.40%,46.39%
Blademau5,Winter 2019,C,2,,11,5,19,5,5,6,2,0,,,,,,,,,,,,P,Promoted to B,P,,0,75,18,127,11387,959,14.17%,35.62,,,0,392,796,54,323,1.48,6.78%,40.58%
Mac Attack,Winter 2019,C,3,,14,2,12,12,9,5,3,0,,3,1,6,1,2,,,,C Promotion Playoffs,W,P,Promoted to B,PP,,1,77,18,156,15170,1157,11.54%,39.33,,,0,525,988,87,429,1.59,8.81%,43.42%
Triple T,Winter 2019,C,4,,8,8,16,8,10,6,2,0,,1,3,4,4,1,,,,C Promotion Playoffs,F,,,PP,,0,65,20,172,15668,1254,11.63%,37.48,,,0,589,1213,114,471,1.46,9.40%,38.83%
Cali Kid,Winter 2019,C,5,,10,6,11,13,6,5,3,0,,1,1,3,1,,1,,,C Promotion Playoffs,SF,,,PP,,1,84,12,122,13026,1082,9.84%,36.12,,,0,511,1150,67,430,1.33,5.83%,37.39%
Unholy Cannoli,Winter 2019,C,6,,7,9,9,15,5,4,4,0,,1,1,,3,,1,,,C Promotion Playoffs,SF,,,PP,,0,48,9,121,12262,1113,7.44%,33.05,,,0,363,863,65,300,1.26,7.53%,34.76%
Dr. Feelgood,Winter 2019,C,7,,5,11,8,16,2,2,6,0,,,,,,,,,,,,,,,,0,111,8,149,10784,1117,5.37%,28.96,,,0,337,982,55,286,1.03,5.60%,29.12%
The Law,Winter 2019,C,8,,3,13,6,18,3,1,7,0,,,,,,,,,,,,,,,,0,55,6,186,9583,1129,3.23%,25.46,,,0,333,980,50,262,1.02,5.10%,26.73%
Liberty Fires,Winter 2019,C,9,,2,14,7,17,2,0,8,0,,,,,,,,,,,,,,,,0,29,7,193,10999,1205,3.63%,27.38,,,0,391,1091,54,324,1.08,4.95%,29.70%
,,,,,,,,,,,,,,,,,,,,,,,,,,,,,,,,,,,,,,,,,,,,,
The Surgeon,Spring 2019,A,1,,13,3,43,13,15,7,1,0,,3,1,10,4,2,,,,Championship,W,,,CP,,1,91,53,222,34555,1892,23.87%,54.79,,,2,654,784,137,476,2.50,17.47%,60.71%
The Criminal,Spring 2019,A,2,,13,3,41,15,15,7,1,0,,1,1,3,5,,1,,,Championship,SF,,,CP,,1,126,44,199,31139,1677,22.11%,55.70,,,1,615,721,139,459,2.56,19.28%,63.66%
Lazer Cat,Spring 2019,A,3,,9,7,26,30,14,4,4,0,,4,2,11,9,2,1,,,Championship,F,,,CP,,5,112,37,219,35801,2022,16.89%,53.12,,,2,699,878,139,528,2.39,15.83%,60.14%
Outlander,Spring 2019,A,4,,7,9,27,29,1,4,4,0,,2,2,4,7,1,1,,,Championship,SF,,,CP,,0,95,31,203,30607,2030,15.27%,45.23,,,0,524,741,92,410,2.12,12.42%,55.33%
Dilly Dilly,Spring 2019,A,5,,4,12,28,28,5,3,5,0,,,2,3,3,,1,,,Championship,QF,,,CP,,0,154,31,186,29087,1843,16.67%,47.35,,,0,499,740,102,378,2.02,13.78%,51.08%
Red Rascal,Spring 2019,A,6,,6,10,25,31,5,3,5,0,,,2,,3,,1,,,Championship,QF,,,CP,,1,74,25,163,26712,1722,15.34%,46.54,,,0,478,670,90,371,2.14,13.43%,55.37%
The Accountant,Spring 2019,A,7,,7,9,22,34,6,2,6,0,,,,,,,,,,,,,,,,0,97,22,184,26370,1681,11.96%,47.06,,,0,479,689,75,380,2.09,10.89%,55.15%
DJ My Q's,Spring 2019,A,8,,7,9,19,37,6,4,4,0,,,,,,,,,,,,,,,,0,40,19,203,25512,1692,9.36%,45.23,,,1,423,603,77,329,2.10,12.77%,54.56%
Pepe Le,Spring 2019,A,9,,6,10,21,35,3,2,6,0,,,,,,,,,,,,R,Relegated to B,R,,0,64,21,167,25449,1695,12.57%,45.04,,,0,454,617,77,358,2.21,12.48%,58.02%
,,,,,,,,,,,,,,,,,,,,,,,,,,,,,,,,,,,,,,,,,,,,,
The Lush,Spring 2019,B,1,,10,6,29,11,10,8,0,0,,,,,,,,,,,,P,Promoted to A,P,,0,111,29,163,19430,1335,17.79%,43.66,,,0,494,764,78,400,1.94,10.21%,52.36%
Radar,Spring 2019,B,2,,13,3,25,15,12,7,1,0,,2,2,9,1,2,,,,B Promotion Playoffs,W,P,Promoted to A,PP,,0,75,34,216,24174,1692,15.74%,42.86,,,0,651,990,125,490,1.97,12.63%,49.49%
Bud The Chud,Spring 2019,B,3,,12,4,18,22,4,5,3,0,,2,,2,5,,1,,,B Promotion Playoffs,SF,,,PP,,0,88,20,185,22799,1536,10.81%,44.53,,,0,545,892,84,460,1.83,9.42%,51.57%
Blademau5,Spring 2019,B,4,,8,8,20,20,7,4,4,0,,1,3,6,7,1,1,,,B Promotion Playoffs,F,,,PP,,0,50,26,204,24795,1749,12.75%,42.53,,,0,559,966,81,484,1.74,8.39%,50.10%
Scooter McGooch,Spring 2019,B,5,,7,9,20,20,8,4,4,0,,1,1,,4,,1,,,B Promotion Playoffs,SF,,,PP,,0,100,20,216,21250,1592,9.26%,40.04,,,0,473,891,65,403,1.59,7.30%,45.23%
Slappy Pappy,Spring 2019,B,6,,9,7,19,21,1,3,5,0,,,,,,,,,,,,,,,,0,82,18,152,18406,1339,11.84%,41.24,,,0,403,739,74,327,1.64,10.01%,44.25%
The Jig,Spring 2019,B,7,,5,11,16,24,7,1,7,0,,,,,,,,,,,,,,,,0,106,16,158,18597,1418,10.13%,39.34,,,0,438,783,84,351,1.68,10.73%,44.83%
Beef Easy,Spring 2019,B,8,,1,15,20,20,2,2,6,0,,,,,,,,,,,,,,,,0,58,20,156,18839,1371,12.82%,41.22,,,0,342,689,58,270,1.49,8.42%,39.19%
Mac Attack,Spring 2019,B,9,,7,9,13,27,2,2,6,0,,,,,,,,,,,,R,Relegated to C,R,,0,40,13,166,18717,1394,7.83%,40.28,,,1,437,799,73,357,1.64,9.14%,44.68%
,,,,,,,,,,,,,,,,,,,,,,,,,,,,,,,,,,,,,,,,,,,,,
The Author,Spring 2019,C,1,,16,2,26,1,17,9,0,0,,,,,,,,,,,,P,Promoted to B,P,,,,,,,,,,,,,,,,,,,
Cali Kid,Spring 2019,C,2,,13,5,17,10,7,6,3,0,,,,,,,,,,,,P,Promoted to B,P,,,,,,,,,,,,,,,,,,,
Triple T,Spring 2019,C,3,,11,7,17,10,7,7,2,0,,3,1,6,3,2,,,,C Promotion Playoffs,W,P,Promoted to B,PP,,,,,,,,,,,,,,,,,,,
MADhouse,Spring 2019,C,4,,12,6,14,13,10,6,3,0,,2,2,4,4,1,1,,,C Promotion Playoffs,F,,,PP,,,,,,,,,,,,,,,,,,,
Unholy Cannoli,Spring 2019,C,5,,11,7,17,10,4,6,3,0,,1,1,,3,,1,,,C Promotion Playoffs,SF,,,PP,,,,,,,,,,,,,,,,,,,
Mr. Packman,Spring 2019,C,6,,9,9,13,14,5,5,4,0,,,2,2,2,,1,,,C Promotion Playoffs,SF,,,PP,,,,,,,,,,,,,,,,,,,
The Law,Spring 2019,C,7,,4,14,11,16,3,3,6,0,,,,,,,,,,,,,,,,,,,,,,,,,,,,,,,,,
Liberty Fires,Spring 2019,C,8,,4,14,8,19,1,1,8,0,,,,,,,,,,,,,,,,,,,,,,,,,,,,,,,,,
Dr. Feelgood,Spring 2019,C,9,,4,14,7,20,2,2,7,0,,,,,,,,,,,,,,,,,,,,,,,,,,,,,,,,,
K Mac,Spring 2019,C,10,,6,12,5,22,0,0,9,0,,,,,,,,,,,,,,,,,,,,,,,,,,,,,,,,,
,,,,,,,,,,,,,,,,,,,,,,,,,,,,,,,,,,,,,,,,,,,,,
The Surgeon,Summer 2019,A,1,,16,2,51,12,18,9,0,0,,3,1,10,7,2,,,,Championship,W,,,CP,,2,126,61,225,38964,2065,27.11%,56.61,,,1,678,802,144,495,2.54,17.96%,61.72%
The Criminal,Summer 2019,A,2,,11,7,34,29,13,5,4,0,,1,1,1,5,,1,,,Championship,SF,,,CP,,0,92,35,224,33116,1959,15.63%,50.71,,,0,689,867,126,509,2.38,14.53%,58.71%
Dilly Dilly,Summer 2019,A,3,,13,5,33,30,9,5,4,0,,2,,,5,,1,,,Championship,QF,,,CP,,1,80,33,220,32336,1962,15.00%,49.44,,,0,692,914,135,523,2.27,14.77%,57.22%
The Accountant,Summer 2019,A,4,,11,7,29,34,5,6,3,0,,2,2,7,8,1,1,,,Championship,SF,,,CP,,0,144,36,260,36484,2301,13.85%,47.57,,,0,779,1054,132,617,2.22,12.52%,58.54%
Radar,Summer 2019,A,5,,7,11,32,31,7,2,7,0,,1,1,3,4,,1,,,Championship,QF,,,CP,,0,83,35,212,32961,2023,16.51%,48.88,,,0,582,914,104,471,1.91,11.38%,51.53%
Lazer Cat,Summer 2019,A,6,,8,10,31,32,5,4,5,0,,1,5,14,6,2,1,,,Championship,F,,,CP,,0,116,45,285,39907,2418,15.79%,49.51,,,0,783,1016,154,588,2.31,15.16%,57.87%
Red Rascal,Summer 2019,A,7,,6,12,31,32,8,6,3,0,,,,,,,,,,,,,,,,0,110,31,232,30299,2028,13.36%,44.82,,,0,577,871,86,452,1.99,9.87%,51.89%
DJ My Q's,Summer 2019,A,8,,8,10,29,34,8,4,5,0,,,,,,,,,,,,,,,,0,141,29,207,29776,1844,14.01%,48.44,,,0,555,787,93,456,2.12,11.82%,57.94%
Outlander,Summer 2019,A,9,,4,14,30,33,2,4,5,0,,,,,,,,,,,,R,Relegated to B,R,,0,80,30,204,29608,1926,14.71%,46.12,,,0,461,757,81,374,1.83,10.70%,49.41%
The Lush,Summer 2019,A,10,,6,12,15,48,5,0,9,0,,,,,,,,,,,,R,Relegated to B,R,,1,45,15,163,28222,1803,9.20%,46.96,,,0,474,710,86,373,2.00,12.11%,52.54%
,,,,,,,,,,,,,,,,,,,,,,,,,,,,,,,,,,,,,,,,,,,,,
Pepe Le,Summer 2019,B,1,,15,3,38,7,15,8,1,0,,,,,,,,,,,,P,Promoted to A,P,,1,137,38,156,21943,1290,24.36%,51.03,,,0,530,768,102,410,2.07,13.28%,53.39%
The Author,Summer 2019,B,2,,17,1,35,10,13,9,0,0,,2,2,9,4,2,,,,B Promotion Playoffs,W,P,Promoted to A,PP,,1,112,44,222,28579,1694,19.82%,50.61,,,0,682,959,149,528,2.13,15.54%,55.06%
Bud The Chud,Summer 2019,B,3,,10,8,28,17,3,5,4,0,,3,1,5,6,1,1,,,B Promotion Playoffs,F,,,PP,,0,120,33,192,26551,1761,17.19%,45.23,,,0,595,928,105,471,1.92,11.31%,50.75%
The Jig,Summer 2019,B,4,,11,7,21,24,3,7,2,0,,,2,1,3,,1,,,B Promotion Playoffs,SF,,,PP,,0,78,22,165,22910,1552,13.33%,44.28,,,0,591,958,107,457,1.85,11.17%,47.70%
Scooter McGooch,Summer 2019,B,5,,5,13,22,23,3,3,6,0,,1,1,2,4,,1,,,B Promotion Playoffs,SF,,,PP,,0,69,24,205,23933,1623,11.71%,44.24,,,0,504,882,80,418,1.71,9.07%,47.39%
Slappy Pappy,Summer 2019,B,6,,6,12,21,24,2,3,6,0,,,,,,,,,,,,,,,,0,83,18,134,17918,1348,13.43%,39.88,,,0,401,759,66,314,1.58,8.70%,41.37%
Blademau5,Summer 2019,B,7,,7,11,18,27,4,3,6,0,,,,,,,,,,,,,,,,1,94,18,147,20239,1491,12.24%,40.72,,,0,477,786,70,397,1.82,8.91%,50.51%
Triple T,Summer 2019,B,8,,6,12,17,28,3,3,6,0,,,,,,,,,,,,,,,,0,61,16,165,20619,1513,9.70%,40.88,,,0,499,869,91,387,1.72,10.47%,44.53%
Cali Kid,Summer 2019,B,9,,8,10,14,31,3,3,6,0,,,,,,,,,,,,R,Relegated to C,R,,0,109,13,132,18453,1248,9.85%,44.36,,,0,390,711,64,330,1.65,9.00%,46.41%
Beef Easy,Summer 2019,B,10,,5,13,11,34,3,1,8,0,,,,,,,,,,,,R,Relegated to C,R,,0,44,11,180,20916,1535,6.11%,40.88,,,0,396,794,72,310,1.50,9.07%,39.04%
,,,,,,,,,,,,,,,,,,,,,,,,,,,,,,,,,,,,,,,,,,,,,
The Cleaner,Summer 2019,C,1,,15,3,18,9,13,8,1,0,,,,,,,,,,,,P,Promoted to B,P,,0,60,18,111,13076,889,16.22%,44.13,,,0,497,810,101,390,1.84,12.47%,48.15%
MADhouse,Summer 2019,C,2,,15,3,14,13,16,7,2,0,,3,1,6,3,2,,,,C Promotion Playoffs,W,P,Promoted to B,PP,,0,82,20,161,17631,1280,12.42%,41.32,,,0,651,1041,100,530,1.88,9.61%,50.91%
Unholy Cannoli,Summer 2019,C,3,,12,6,17,10,7,6,3,0,,,2,3,2,,1,,,C Promotion Playoffs,SF,,,PP,,0,107,20,158,15657,1183,12.66%,39.70,,,0,509,836,99,322,1.83,11.84%,38.52%
Mac Attack,Summer 2019,C,4,,12,6,16,11,7,7,2,0,,3,1,4,7,1,1,,,C Promotion Playoffs,F,,,PP,,0,76,18,179,17370,1391,10.06%,37.46,,,0,578,1028,107,477,1.69,10.41%,46.40%
Mr. Packman,Summer 2019,C,5,,7,11,19,8,4,5,4,0,,,2,1,2,,1,,,C Promotion Playoffs,SF,,,PP,,0,87,20,185,14520,1273,10.81%,34.22,,,0,505,1066,83,419,1.42,7.79%,39.31%
The Hillbilly,Summer 2019,C,6,,6,12,14,13,5,3,6,0,,,,,,,,,,,,,,,,0,76,13,127,12452,1022,10.24%,36.55,,,0,500,1006,67,423,1.49,6.66%,42.05%
Darty South,Summer 2019,C,7,,7,11,11,16,2,2,7,0,,,,,,,,,,,,,,,,0,38,11,151,12742,1102,7.28%,34.69,,,0,477,1102,78,382,1.30,7.08%,34.66%
Liberty Fires,Summer 2019,C,8,,5,13,12,15,4,3,6,0,,,,,,,,,,,,,,,,0,40,12,155,13069,1202,7.74%,32.62,,,0,440,1028,71,352,1.28,6.91%,34.24%
Dr. Feelgood,Summer 2019,C,9,,7,11,9,18,2,3,6,0,,,,,,,,,,,,,,,,0,61,9,131,11403,1033,6.87%,33.12,,,0,430,1034,76,342,1.25,7.35%,33.08%
The Law,Summer 2019,C,10,,4,14,5,22,4,1,8,0,,,,,,,,,,,,,,,,0,32,5,128,11960,1108,3.91%,32.38,,,0,423,1139,59,338,1.11,5.18%,29.68%
,,,,,,,,,,,,,,,,,,,,,,,,,,,,,,,,,,,,,,,,,,,,,
Dilly Dilly,Fall 2019,A,1,,10,8,39,24,14,6,3,0,,1,3,5,6,1,1,,,Championship,F,,,CP,,2,142,44,212,33179,1978,20.75%,50.32,,,1,793,1024,161,604,2.32,15.72%,58.98%
The Surgeon,Fall 2019,A,2,,10,8,40,23,11,7,2,0,,2,2,11,,2,,,,Championship,W,,,CP,,0,120,48,197,33688,1854,24.37%,54.51,,,0,657,859,128,478,2.29,14.90%,55.65%
Pepe Le,Fall 2019,A,3,,14,4,35,28,7,6,3,0,,2,2,5,6,1,1,,,Championship,SF,,,CP,,0,86,40,217,34651,2110,18.43%,49.27,,,0,652,940,121,500,2.08,12.87%,53.19%
DJ My Q's,Fall 2019,A,4,,10,8,35,28,9,5,4,0,,1,1,3,4,,1,,,Championship,QF,,,CP,,0,94,38,253,33829,1943,15.02%,52.23,,,0,645,848,117,508,2.28,13.80%,59.91%
Lazer Cat,Fall 2019,A,5,,13,5,31,32,10,6,3,0,,2,2,5,8,1,1,,,Championship,SF,,,CP,,0,104,36,219,35768,2116,16.44%,50.71,,,0,803,1036,148,572,2.33,14.29%,55.21%
The Accountant,Fall 2019,A,6,,8,10,33,30,8,4,5,0,,2,,,5,,1,,,Championship,QF,,,CP,,1,139,32,196,31483,1908,16.33%,49.50,,,0,586,840,106,467,2.09,12.62%,55.60%
The Criminal,Fall 2019,A,7,,7,11,32,31,8,3,6,0,,,,,,,,,,,,,,,,2,84,30,209,28894,1780,14.35%,48.70,,,0,618,800,110,476,2.32,13.75%,59.50%
Red Rascal,Fall 2019,A,8,,9,9,24,39,6,3,6,0,,,,,,,,,,,,,,,,1,63,24,190,28445,1811,12.63%,47.12,,,0,504,738,88,411,2.05,11.92%,55.69%
Radar,Fall 2019,A,9,,5,13,26,37,1,3,6,0,,,,,,,,,,,,R,Relegated to B,R,,0,80,26,171,28670,1782,15.20%,48.27,,,0,544,822,91,433,1.99,11.07%,52.68%
The Author,Fall 2019,A,10,,4,14,20,43,5,2,7,0,,,,,,,,,,,,R,Relegated to B,R,,0,109,20,174,27337,1806,11.49%,45.41,,,0,487,803,98,395,1.82,12.20%,49.19%
,,,,,,,,,,,,,,,,,,,,,,,,,,,,,,,,,,,,,,,,,,,,,
Bud The Chud,Fall 2019,B,1,,11,7,32,13,10,7,2,0,,,,,,,,,,,,P,Promoted to A,P,,0,110,28,142,19487,1259,19.72%,46.43,,,0,490,710,80,380,2.07,11.27%,53.52%
Outlander,Fall 2019,B,2,,11,7,31,14,8,8,1,0,,1,3,6,7,1,1,,,B Promotion Playoffs,F,,,PP,,1,90,33,213,25803,1712,15.49%,45.22,,,0,568,924,117,457,1.84,12.66%,49.46%
The Lush,Fall 2019,B,3,,9,9,29,16,7,6,3,0,,1,1,1,4,,1,,,B Promotion Playoffs,SF,,,PP,,0,79,28,162,21709,1399,17.28%,46.55,,,1,575,820,102,435,2.10,12.44%,53.05%
The Jig,Fall 2019,B,4,,12,6,22,23,5,6,3,0,,2,2,9,2,2,,,,B Promotion Playoffs,W,P,Promoted to A,PP,,0,92,30,204,26656,1707,14.71%,46.85,,,0,655,1011,121,513,1.94,11.97%,50.74%
MADhouse,Fall 2019,B,5,,12,6,20,25,9,3,6,0,,2,,2,5,,1,,,B Promotion Playoffs,SF,,,PP,,0,91,21,195,23922,1706,10.77%,42.07,,,1,561,822,102,451,2.05,12.41%,54.87%
Triple T,Fall 2019,B,6,,7,11,23,22,4,4,5,0,,,,,,,,,,,,,,,,0,73,23,177,21565,1484,12.99%,43.60,,,0,454,757,70,371,1.80,9.25%,49.01%
Blademau5,Fall 2019,B,7,,8,10,19,26,2,5,4,0,,,,,,,,,,,,,,,,1,66,19,146,20219,1435,13.01%,42.27,,,0,470,846,62,391,1.67,7.33%,46.22%
Scooter McGooch,Fall 2019,B,8,,7,11,15,30,5,2,7,0,,,2,,4,,1,,,B/C Playoffs,F,,,RP,,0,83,15,200,22922,1672,7.50%,41.13,,,0,531,961,91,434,1.66,9.47%,45.16%
The Cleaner,Fall 2019,B,9,,6,12,17,28,2,3,6,0,,,,,,,,,,,,R,Relegated to C,R,,0,81,12,80,10774,759,15.00%,42.58,,,0,252,437,35,214,1.73,8.01%,48.97%
Slappy Pappy,Fall 2019,B,10,,5,13,15,30,2,1,8,0,,,,,,,,,,,,R,Relegated to C,R,,1,78,15,198,20925,1632,7.58%,38.47,,,0,431,813,62,365,1.59,7.63%,44.90%
,,,,,,,,,,,,,,,,,,,,,,,,,,,,,,,,,,,,,,,,,,,,,
Toaster,Fall 2019,C East,1,,10,2,14,4,10,5,1,0,,,,,,,,,,,,P,Promoted to B,P,,0,54,14,94,8983,607,14.89%,44.40,,,0,376,592,69,304,1.91,11.66%,51.35%
Degrubs,Fall 2019,C East,2,,9,3,12,6,11,5,1,0,,7,1,13,2,4,,,,B/C Playoffs,W,P,Promoted to B,PP,,0,80,24,145,16367,1031,16.55%,47.62,,,0,633,806,117,471,2.36,14.52%,58.44%
Unholy Cannoli,Fall 2019,C East,3,,8,4,10,8,5,4,2,0,,2,2,2,5,1,1,,,B/C Playoffs,2R,,,PP,,0,59,12,104,11955,902,11.54%,39.76,,,0,405,685,73,259,1.77,10.66%,37.81%
Mac Attack,Fall 2019,C East,4,,9,3,8,10,1,4,2,0,,1,3,3,5,1,1,,,B/C Playoffs,2R,,,PP,,0,60,11,125,12236,976,8.80%,37.61,,,1,452,755,84,359,1.80,11.13%,47.55%
Beef Easy,Fall 2019,C East,5,,3,9,9,9,6,2,4,0,,,2,,2,,1,,,B/C Playoffs,1R,,,PP,,0,77,9,88,9193,698,10.23%,39.51,,,0,349,736,51,293,1.42,6.93%,39.81%
Liberty Fires,Fall 2019,C East,6,,2,10,5,13,1,0,6,0,,,,,,,,,,,,,,,,0,39,5,75,8193,681,6.67%,36.09,,,0,297,667,28,248,1.34,4.20%,37.18%
The Law,Fall 2019,C East,7,,1,11,5,13,1,1,5,0,,,,,,,,,,,,,,,,0,70,5,64,8166,677,7.81%,36.19,,,0,263,626,27,221,1.26,4.31%,35.30%
,,,,,,,,,,,,,,,,,,,,,,,,,,,,,,,,,,,,,,,,,,,,,
The Train,Fall 2019,C West,1,,12,0,16,2,14,6,0,0,,,,,,,,,,,,P,Promoted to B,P,,0,64,15,54,7515,397,27.78%,56.79,,,0,292,331,57,221,2.65,17.22%,66.77%
Cali Kid,Fall 2019,C West,2,,7,5,9,9,11,4,2,0,,5,1,7,4,2,1,,,B/C Playoffs,SF,,,PP,,0,40,17,135,13557,1025,12.59%,39.68,,,0,493,876,93,397,1.69,10.62%,45.32%
Darty South,Fall 2019,C West,3,,7,5,9,9,7,3,3,0,,1,1,2,3,,1,,,B/C Playoffs,1R,,,PP,,0,60,9,94,9647,744,9.57%,38.90,,,0,334,612,63,259,1.64,10.29%,42.32%
Uncle Corky,Fall 2019,C West,4,,6,6,10,8,9,4,2,0,,,2,2,2,,1,,,B/C Playoffs,1R,,,PP,,0,58,12,94,10317,757,12.77%,40.89,,,0,328,628,50,264,1.57,7.96%,42.04%
Music City Madman,Fall 2019,C West,5,,4,8,8,10,10,2,4,0,,,2,,2,,1,,,B/C Playoffs,1R,,,PP,,0,38,8,102,8988,805,7.84%,33.50,,,0,325,616,54,257,1.58,8.77%,41.72%
Mr. Packman,Fall 2019,C West,6,,4,8,5,13,8,1,5,0,,,,,,,,,,,,,,,,0,60,5,61,7884,657,8.20%,36.00,,,0,279,616,46,231,1.36,7.47%,37.50%
Dr. Feelgood,Fall 2019,C West,7,,2,10,6,12,8,1,5,0,,,,,,,,,,,,,,,,0,40,6,79,8215,721,7.59%,34.18,,,0,236,575,43,194,1.23,7.48%,33.74%
,,,,,,,,,,,,,,,,,,,,,,,,,,,,,,,,,,,,,,,,,,,,,
The Surgeon,Winter 2020,A,1,,13,5,48,15,19,8,1,0,,2,2,9,8,1,1,,,Championship,F,,,CP,,4,112,58,251,39472,2130,23.11%,55.59,,,2,725,862,153,524,2.52,17.75%,60.79%
Dilly Dilly,Winter 2020,A,2,,17,1,35,28,9,8,1,0,,1,1,4,5,,1,,,Championship,SF,,,CP,,2,118,39,205,34147,1936,19.02%,52.91,,,0,689,817,131,516,2.53,16.03%,63.16%
Lazer Cat,Winter 2020,A,3,,10,8,35,28,8,6,3,0,,4,2,14,8,3,,,,Championship,W,,,CP,,1,120,49,261,41075,2361,18.77%,52.19,,,0,906,1187,166,704,2.29,13.98%,59.31%
DJ My Q's,Winter 2020,A,4,,9,9,35,28,7,6,3,0,,1,1,1,4,,1,,,Championship,QF,,,CP,,0,157,36,212,32434,1884,16.98%,51.65,,,0,615,865,115,491,2.13,13.29%,56.76%
Pepe Le,Winter 2020,A,5,,8,10,34,29,4,5,4,0,,2,2,6,6,1,1,,,Championship,SF,,,CP,,1,103,40,209,34789,2078,19.14%,50.22,,,0,631,885,107,504,2.14,12.09%,56.95%
The Accountant,Winter 2020,A,6,,11,7,27,36,5,3,6,0,,,2,,3,,1,,,Championship,QF,,,CP,,1,108,27,205,30649,1940,13.17%,47.40,,,0,643,917,112,522,2.10,12.21%,56.92%
Bud The Chud,Winter 2020,A,7,,7,11,27,36,3,4,5,0,,,,,,,,,,,,,,,,1,112,26,190,28367,1816,13.68%,46.86,,,0,488,736,82,390,1.99,11.14%,52.99%
The Criminal,Winter 2020,A,8,,5,13,25,38,3,1,8,0,,,,,,,,,,,,,,,,1,60,26,186,29022,1841,13.98%,47.29,,,1,638,931,111,492,2.06,11.92%,52.85%
Red Rascal,Winter 2020,A,9,,6,12,25,38,0,2,7,0,,,,,,,,,,,,R,Relegated to B,R,,0,60,25,181,28887,1878,13.81%,46.15,,,0,545,809,85,443,2.02,10.51%,54.76%
The Jig,Winter 2020,A,10,,5,13,23,40,5,2,7,0,,,,,,,,,,,,R,Relegated to B,R,,1,106,23,187,29675,1815,12.30%,49.05,,,0,491,779,85,416,1.89,10.91%,53.40%
,,,,,,,,,,,,,,,,,,,,,,,,,,,,,,,,,,,,,,,,,,,,,
Degrubs,Winter 2020,B,1,,13,5,39,15,16,6,1,2,,,,,,,,,,,,P,Promoted to A,P,,1,96,39,176,26258,1452,22.16%,54.25,,,1,554,695,109,433,2.39,15.68%,62.30%
The Author,Winter 2020,B,2,,11,7,38,16,14,6,2,1,,3,1,7,2,2,,,,B Promotion Playoffs,W,P,Promoted to A,PP,,0,112,46,245,31294,1847,18.78%,50.83,,,0,759,992,155,600,2.30,15.63%,60.48%
The Train,Winter 2020,B,3,,11,7,40,14,7,9,0,0,,3,1,5,6,1,1,,,B Promotion Playoffs,F,,,PP,,0,115,45,214,31588,1795,21.03%,52.79,,,0,736,966,116,587,2.29,12.01%,60.77%
MADhouse,Winter 2020,B,4,,11,7,27,27,11,4,4,1,,,2,1,3,,1,,,B Promotion Playoffs,SF,,,PP,,0,144,28,211,27467,1799,13.27%,45.80,,,0,551,800,90,439,2.07,11.25%,54.88%
Triple T,Winter 2020,B,5,,11,7,27,27,6,5,3,1,,,2,,3,,1,,,B Promotion Playoffs,SF,,,PP,,1,59,27,188,26530,1698,14.36%,46.87,,,0,538,783,100,429,2.06,12.77%,54.79%
Toaster,Winter 2020,B,6,,7,11,28,26,5,3,5,1,,,,,,,,,,,,,,,,0,87,28,188,25080,1690,14.89%,44.52,,,2,546,849,82,447,1.93,9.66%,52.65%
The Lush,Winter 2020,B,7,,8,10,26,28,7,4,3,2,,,,,,,,,,,,,,,,0,109,26,181,25491,1561,14.36%,48.99,,,1,532,783,97,420,2.04,12.39%,53.64%
Radar,Winter 2020,B,8,,10,8,18,36,5,2,7,0,,1,1,5,,1,,,,B/C Playoffs,W,,,RP,,0,76,23,167,27580,1757,13.77%,47.09,,,0,719,989,125,542,2.18,12.64%,54.80%
Outlander,Winter 2020,B,9,,5,13,17,37,2,2,7,0,,,,,,,,,,,,R,Relegated to C,R,,0,65,17,199,24357,1813,8.54%,40.30,,,0,471,856,78,372,1.65,9.11%,43.46%
Blademau5,Winter 2020,B,10,,3,15,10,44,1,0,9,0,,,,,,,,,,,,R,Relegated to C,R,,0,108,10,142,22818,1702,7.04%,40.22,,,0,419,764,55,333,1.65,7.20%,43.59%
,,,,,,,,,,,,,,,,,,,,,,,,,,,,,,,,,,,,,,,,,,,,,
Shenandoah Slinger,Winter 2020,C East,1,,12,2,28,7,15,7,0,0,,,,,,,,,,,,P,Promoted to B,P,,2,90,28,157,17197,1102,17.83%,46.82,,,0,462,613,88,356,2.26,14.36%,58.08%
Slappy Pappy,Winter 2020,C East,2,,11,3,20,15,7,6,1,0,,2,4,9,7,2,1,,,B/C Playoffs,F,,,PP,,1,108,29,209,24522,1731,13.88%,42.50,,,0,562,899,94,424,1.88,10.46%,47.16%
Scooter McGooch,Winter 2020,C East,3,,8,6,20,15,4,4,3,0,,1,1,1,4,,1,,,B/C Playoffs,1R,,,PP,,0,120,21,156,19279,1313,13.46%,44.05,,,0,412,703,69,322,1.76,9.82%,45.80%
Unholy Cannoli,Winter 2020,C East,4,,7,7,21,14,3,3,4,0,,1,1,3,4,,1,,,B/C Playoffs,1R,,,PP,,0,100,24,187,20107,1432,12.83%,42.12,,,0,367,651,72,231,1.69,11.06%,35.48%
The Cleaner,Winter 2020,C East,5,,7,7,16,19,4,3,4,0,,5,3,11,11,2,2,,,C/D Playoffs,F,R,Relegated to D,RP,,0,72,28,185,24806,1694,15.14%,43.93,,,0,550,909,95,447,1.82,10.45%,49.17%
Mac Attack,Winter 2020,C East,6,,6,8,14,21,3,2,5,0,,1,3,1,7,,2,,,C/D Playoffs,2R,R,Relegated to D,RP,,0,80,14,117,16048,1138,11.97%,42.31,,,0,358,610,53,289,1.76,8.69%,47.38%
Beef Easy,Winter 2020,C East,7,,4,10,15,20,5,3,4,0,,,,,,,,,,,,R,Relegated to D,R,,0,55,13,145,15752,1111,8.97%,42.53,,,0,374,742,52,307,1.51,7.01%,41.37%
The Law,Winter 2020,C East,8,,1,13,6,29,2,0,7,0,,,,,,,,,,,,R,Relegated to D,R,,0,52,6,114,15409,1260,5.26%,36.69,,,0,259,649,36,218,1.20,5.55%,33.59%
,,,,,,,,,,,,,,,,,,,,,,,,,,,,,,,,,,,,,,,,,,,,,
The Nooch,Winter 2020,C West,1,,12,2,29,6,21,7,0,0,,,,,,,,,,,,P,Promoted to B,P,,0,117,27,126,16329,939,21.43%,52.17,,,0,377,450,80,290,2.51,17.78%,64.44%
Alky,Winter 2020,C West,2,,11,3,21,14,6,6,1,0,,2,,1,5,,1,,,B/C Playoffs,2R,,,PP,,0,84,22,153,19351,1281,14.38%,45.32,,,0,407,609,75,336,2.00,12.32%,55.17%
Uncle Corky,Winter 2020,C West,3,,8,6,24,11,2,4,3,0,,2,2,4,7,1,1,,,B/C Playoffs,2R,,,PP,,0,84,28,195,22103,1651,14.36%,40.16,,,0,440,814,69,368,1.62,8.48%,45.21%
Cali Kid,Winter 2020,C West,4,,12,2,17,18,6,5,2,0,,3,3,11,7,2,1,,,B/C Playoffs,SF,,,PP,,0,55,28,233,25483,1756,12.02%,43.54,,,0,633,1007,110,508,1.89,10.92%,50.45%
Darty South,Winter 2020,C West,5,,4,10,20,15,0,3,4,0,,2,4,7,8,1,2,,,C/D Playoffs,3R,R,Relegated to D,RP,,0,40,21,179,18262,1375,11.73%,39.84,,,0,395,818,60,333,1.45,7.33%,40.71%
Music City Madman,Winter 2020,C West,6,,5,9,11,24,3,2,5,0,,,4,2,6,,2,,,C/D Playoffs,3R,R,Relegated to D,RP,,0,53,11,153,15200,1333,7.19%,34.21,,,0,303,682,48,257,1.33,7.04%,37.68%
Mr. Packman,Winter 2020,C West,7,,4,10,8,27,1,0,7,0,,,,,,,,,,,,R,Relegated to D,R,,0,36,10,144,17100,1430,6.94%,35.87,,,0,310,737,54,236,1.26,7.33%,32.02%
Dr. Feelgood,Winter 2020,C West,8,,0,14,10,25,1,1,6,0,,,,,,,,,,,,R,Relegated to D,R,,0,60,10,186,15258,1414,5.38%,32.37,,,0,244,666,33,209,1.10,4.95%,31.38%
,,,,,,,,,,,,,,,,,,,,,,,,,,,,,,,,,,,,,,,,,,,,,
Doughboy,Winter 2020,Rookie,,,,,,,,,,,,5,3,14,8,3,1,,,C/D Playoffs,W,,Placed in C,,,,,,,,,,,,,,,,,,,,
Deadhead Darter,Winter 2020,Rookie,,,,,,,,,,,,5,1,10,4,3,,,,C/D Playoffs,W,,Placed in C,,,,,,,,,,,,,,,,,,,,
Bar-Boy,Winter 2020,Rookie,,,,,,,,,,,,4,4,10,11,2,2,,,C/D Playoffs,SF,,Placed in D,,,,,,,,,,,,,,,,,,,,
,,,,,,,,,,,,,,,,,,,,,,,,,,,,,,,,,,,,,,,,,,,,,
The Surgeon,Spring 2020,A,1,,12,6,39,24,13,7,2,0,,3,1,10,6,2,,,,Championship,W,,,CP,,2,105,49,201,37537,1918,24.38%,58.71,,,1,664,794,139,508,2.51,17.51%,63.98%
Degrubs,Spring 2020,A,2,,11,7,41,22,8,8,1,0,,2,2,6,6,1,1,,,Championship,F,,,CP,,2,90,47,214,35915,1999,21.96%,53.90,,,1,724,852,135,541,2.55,15.85%,63.50%
DJ My Q's,Spring 2020,A,3,,11,7,41,22,5,6,3,0,,1,3,5,6,1,1,,,Championship,SF,,,CP,,2,70,46,267,36098,2068,17.23%,52.37,,,0,743,966,124,589,2.31,12.84%,60.97%
Lazer Cat,Spring 2020,A,4,,10,8,37,26,7,5,4,0,,,2,1,3,,1,,,Championship,QF,,,CP,,2,161,38,207,31892,1764,18.36%,54.24,,,0,786,998,130,613,2.36,13.03%,61.42%
The Author,Spring 2020,A,5,,7,11,38,25,9,4,5,0,,3,1,7,6,1,1,,,Championship,SF,,,CP,,2,104,45,235,36667,2075,19.15%,53.01,,,0,771,1034,144,585,2.24,13.93%,56.58%
Dilly Dilly,Spring 2020,A,6,,11,7,24,39,9,3,6,0,,1,1,2,4,,1,,,Championship,QF,,,CP,,2,96,27,183,32268,1786,14.75%,54.20,,,1,751,970,152,570,2.32,15.67%,58.76%
Pepe Le,Spring 2020,A,7,,10,8,26,37,4,5,4,0,,,,,,,,,,,,,,,,1,74,25,183,29175,1719,13.66%,50.92,,,0,570,739,98,452,2.31,13.26%,61.16%
The Criminal,Spring 2020,A,8,,8,10,27,36,3,3,6,0,,,,,,,,,,,,,,,,1,56,27,184,29577,1710,14.67%,51.89,,,0,570,810,114,443,2.11,14.07%,54.69%
The Accountant,Spring 2020,A,9,,6,12,25,38,5,3,6,0,,1,1,1,4,,1,,,A/B Playoffs,SF,R,Relegated to B,RP,,2,116,26,192,30844,1927,13.54%,48.02,,,0,756,1053,131,594,2.15,12.44%,56.41%
Bud The Chud,Spring 2020,A,10,,4,14,17,46,3,1,8,0,,,,,,,,,,,,R,Relegated to B,R,,0,97,17,149,28074,1668,11.41%,50.49,,,0,498,797,74,408,1.87,9.28%,51.19%
,,,,,,,,,,,,,,,,,,,,,,,,,,,,,,,,,,,,,,,,,,,,,
The Nooch,Spring 2020,B,1,,11,7,44,10,19,8,0,1,,,,,,,,,,,,P,Promoted to A,P,,2,130,44,129,26244,1269,34.11%,62.04,,,0,575,707,117,440,2.44,16.55%,62.23%
The Train,Spring 2020,B,2,,13,5,33,21,6,7,1,1,,,,,,,,,,,,P,Promoted to A,P,,0,132,33,176,26136,1528,18.75%,51.31,,,0,554,714,83,447,2.33,11.62%,62.61%
Shenandoah Slinger,Spring 2020,B,3,,11,7,31,23,6,4,3,2,,4,,7,3,2,,,,A/B Playoffs,W,P,Promoted to A,PP,,2,80,38,218,31128,1783,17.43%,52.37,,,1,700,874,127,555,2.40,14.53%,63.50%
MADhouse,Spring 2020,B,4,,14,4,27,27,7,4,3,2,,2,4,5,8,1,2,,,A/B Playoffs,SF,,,PP,,1,112,32,187,31175,1856,17.11%,50.39,,,1,702,905,136,548,2.33,15.03%,60.55%
The Jig,Spring 2020,B,5,,9,9,28,26,4,3,3,3,,2,4,7,9,1,2,,,A/B Playoffs,F,,,PP,,0,67,33,220,29613,1920,15.00%,46.27,,,0,594,886,111,469,2.01,12.53%,52.93%
Radar,Spring 2020,B,6,,5,13,26,28,2,3,5,1,,,4,3,6,,2,,,A/B Playoffs,2R,,,PP,,0,118,29,170,27357,1742,17.06%,47.11,,,0,500,792,92,391,1.89,11.62%,49.37%
The Lush,Spring 2020,B,7,,6,12,24,30,3,2,4,3,,,,,,,,,,,,,,,,2,91,24,178,25035,1559,13.48%,48.18,,,0,524,788,89,424,1.99,11.29%,53.81%
Red Rascal,Spring 2020,B,8,,8,10,18,36,6,2,6,1,,,,,,,,,,,,,,,,3,84,18,171,25007,1587,10.53%,47.27,,,0,488,681,81,392,2.15,11.89%,57.56%
Toaster,Spring 2020,B,9,,8,10,18,36,3,2,5,2,,,2,4,3,,1,,,B/C Playoffs,SF,R,Relegated to C,RP,,1,100,21,194,27395,1799,10.82%,45.68,,,0,520,796,98,415,1.96,12.31%,52.14%
Triple T,Spring 2020,B,10,,5,13,21,33,3,1,6,2,,,,,,,,,,,,R,Relegated to C,R,,0,75,21,190,25165,1635,11.05%,46.17,,,0,427,646,73,353,1.98,11.30%,54.64%
,,,,,,,,,,,,,,,,,,,,,,,,,,,,,,,,,,,,,,,,,,,,,
Deadhead Darter,Spring 2020,C,1,,11,7,37,8,15,9,0,0,,,,,,,,,,,,P,Promoted to B,P,,0,82,41,200,25172,1527,20.50%,49.45,,,0,556,710,112,441,2.35,15.77%,62.11%
Cali Kid,Spring 2020,C,2,,13,5,28,17,7,7,2,0,,,,,,,,,,,,P,Promoted to B,P,,0,101,28,184,21738,1420,15.22%,45.93,,,0,531,790,95,427,2.02,12.03%,54.05%
Unholy Cannoli,Spring 2020,C,3,,14,4,22,23,3,4,5,0,,3,1,8,5,2,,,,B/C Playoffs,W,P,Promoted to B,PP,,0,59,30,220,27461,1853,13.64%,44.46,,,0,563,872,114,354,1.94,13.07%,40.60%
Alky,Spring 2020,C,4,,13,5,22,23,3,6,3,0,,2,4,6,11,1,2,,,B/C Playoffs,F,,,PP,,2,90,31,236,30410,1979,13.14%,46.10,,,0,606,881,107,488,2.06,12.15%,55.39%
Doughboy,Spring 2020,C,5,,7,11,23,22,4,4,5,0,,4,2,6,12,1,2,,,B/C Playoffs,SF,,,PP,,0,111,24,162,24839,1569,14.81%,47.49,,,0,551,858,97,448,1.93,11.31%,52.21%
Slappy Pappy,Spring 2020,C,6,,6,12,25,20,0,4,5,0,,1,3,6,7,,2,,,B/C Playoffs,2R,,,PP,,0,111,28,197,24729,1664,14.21%,44.58,,,0,460,937,78,372,1.47,8.32%,39.70%
Outlander,Spring 2020,C,7,,4,14,21,24,5,3,6,0,,,,,,,,,,,,,,,,0,141,21,169,21040,1576,12.43%,40.05,,,0,457,806,86,361,1.70,10.67%,44.79%
Uncle Corky,Spring 2020,C,8,,8,10,17,28,3,3,6,0,,,,,,,,,,,,,,,,0,106,17,176,20766,1552,9.66%,40.14,,,0,435,697,76,348,1.87,10.90%,49.93%
Blademau5,Spring 2020,C,9,,8,10,15,30,5,1,8,0,,3,1,4,4,1,1,,,C/D Playoffs,F,R,Relegated to D,RP,,1,56,17,180,22967,1720,9.44%,40.06,,,0,506,826,75,407,1.84,9.08%,49.27%
Scooter McGooch,Spring 2020,C,10,,6,12,15,30,6,4,5,0,,,,,,,,,,,,R,Relegated to D,R,,0,68,15,154,21039,1414,9.74%,44.64,,,0,440,807,83,370,1.64,10.29%,45.85%
,,,,,,,,,,,,,,,,,,,,,,,,,,,,,,,,,,,,,,,,,,,,,
The Cleaner,Spring 2020,D,1,,17,1,29,7,8,9,0,0,,,,,,,,,,,,P,Promoted to C,P,,1,42,27,160,15849,1117,16.88%,42.57,,,0,447,766,75,378,1.75,9.79%,49.35%
Bar-Boy,Spring 2020,D,2,,15,3,26,10,18,7,1,1,,,,,,,,,,,,P,Promoted to C,P,,0,66,26,165,17771,1239,15.76%,43.03,,,0,508,731,92,398,2.08,12.59%,54.45%
Mac Attack,Spring 2020,D,3,,10,8,22,14,8,5,3,1,,3,1,6,3,2,,,,C/D Playoffs,W,,,PP,,0,89,26,209,20002,1499,12.44%,40.03,,,0,605,1039,105,487,1.75,10.11%,46.87%
Darty South,Spring 2020,D,4,,10,8,21,15,8,5,3,1,,2,4,6,8,1,2,,,C/D Playoffs,SF,,,PP,,1,80,27,252,23932,1860,10.71%,38.60,,,0,663,1194,87,537,1.67,7.29%,44.97%
Beef Easy,Spring 2020,D,5,,10,8,19,17,6,2,2,5,,1,3,2,5,,2,,,C/D Playoffs,SF,,,PP,,0,76,21,216,19862,1528,9.72%,39.00,,,0,470,980,76,383,1.44,7.76%,39.08%
Music City Madman,Spring 2020,D,6,,12,6,15,21,4,4,4,1,,2,2,,6,,2,,,C/D Playoffs,2R,,,PP,,0,54,15,256,19987,1778,5.86%,33.72,,,0,613,1113,94,516,1.65,8.45%,46.36%
The Law,Spring 2020,D,7,,8,10,13,23,1,2,4,3,,,,,,,,,,,,,,,,0,43,13,190,17152,1508,6.84%,34.12,,,0,487,1077,78,394,1.36,7.24%,36.58%
Dr. Feelgood,Spring 2020,D,8,,4,14,13,23,1,1,6,2,,,,,,,,,,,,,,,,0,52,13,191,16962,1487,6.81%,34.22,,,0,384,925,58,332,1.25,6.27%,35.89%
Mr. Packman,Spring 2020,D,9,,4,14,11,25,2,2,7,0,,,,,,,,,,,,,,,,0,64,11,208,16969,1553,5.29%,32.78,,,0,403,986,59,334,1.23,5.98%,33.87%
Liberty Fires,Spring 2020,D,10,,0,18,11,25,2,0,7,2,,,,,,,,,,,,,,,,0,41,11,151,16624,1386,7.28%,35.98,,,0,375,981,44,320,1.15,4.49%,32.62%
,,,,,,,,,,,,,,,,,,,,,,,,,,,,,,,,,,,,,,,,,,,,,
King Rodge,Spring 2020,Rookie,,,,,,,,,,,,5,1,11,4,3,,,,A/B Playoffs,W,,Placed in A,,,,,,,,,,,,,,,,,,,,
Repat,Spring 2020,Rookie,,,,,,,,,,,,4,2,12,4,3,,,,B/C Playoffs,W,,Placed in B,,,,,,,,,,,,,,,,,,,,
The Kylf,Spring 2020,Rookie,,,,,,,,,,,,3,3,10,2,3,,,,C/D Playoffs,W,,Placed in C,,,,,,,,,,,,,,,,,,,,
,,,,,,,,,,,,,,,,,,,,,,,,,,,,,,,,,,,,,,,,,,,,,
King Rodge,Summer 2020,A,1,,15,7,60,17,17,11,0,0,,2,2,11,3,2,,,,Championship,W,,,CP,,2,121,71,231,44299,2057,30.74%,64.61,,,0,795,870,166,631,2.74,19.08%,72.53%
The Nooch,Summer 2020,A,2,,19,3,48,29,13,9,2,0,,,2,3,4,,1,,,Championship,SF,,,CP,,1,134,51,216,40085,2005,23.61%,59.98,,,1,685,734,145,498,2.80,19.75%,67.85%
The Surgeon,Summer 2020,A,3,,16,6,52,25,4,9,2,0,,5,1,10,12,2,1,,,Championship,F,,,CP,,1,112,61,278,46802,2387,21.94%,58.82,,,0,852,939,179,623,2.72,19.06%,66.35%
The Train,Summer 2020,A,4,,11,11,47,30,9,7,4,0,,1,3,5,7,1,1,,,Championship,SF,,,CP,,5,107,52,235,41924,2242,22.13%,56.10,,,1,858,1029,147,661,2.50,14.29%,64.24%
Dilly Dilly,Summer 2020,A,5,,12,10,40,37,6,5,6,0,,1,1,3,4,,1,,,Championship,QF,,,CP,,1,150,43,246,40244,2235,17.48%,54.02,,,0,782,969,152,601,2.42,15.69%,62.02%
Shenandoah Slinger,Summer 2020,A,6,,9,13,40,37,9,4,7,0,,1,1,2,4,,1,,,Championship,QF,,,CP,,4,120,42,228,38955,2119,18.42%,55.15,,,1,797,1005,151,624,2.38,15.02%,62.09%
Degrubs,Summer 2020,A,7,,9,13,41,36,4,5,6,0,,,,,,,,,,,,,,,,0,112,41,207,36141,1965,19.81%,55.18,,,1,677,845,127,516,2.40,15.03%,61.07%
The Author,Summer 2020,A,8,,8,14,33,44,4,6,5,0,,,,,,,,,,,,,,,,4,116,33,179,34278,1923,18.44%,53.48,,,0,683,922,115,522,2.22,12.47%,56.62%
Lazer Cat,Summer 2020,A,9,,12,10,27,50,5,4,7,0,,,,,,,,,,,,,,,,0,85,27,218,35257,2099,12.39%,50.39,,,1,736,930,136,555,2.37,14.62%,59.68%
DJ My Q's,Summer 2020,A,10,,8,14,26,51,2,3,8,0,,1,1,1,5,,1,,,A/B Playoffs,F,R,Relegated to B,RP,,1,96,26,202,34234,2068,12.87%,49.66,,,1,688,928,119,539,2.22,12.82%,58.08%
Pepe Le,Summer 2020,A,11,,8,14,24,53,2,2,9,0,,,,,,,,,,,,R,Relegated to B,R,,0,84,24,183,33927,2114,13.11%,48.15,,,0,580,829,102,462,2.10,12.30%,55.73%
The Criminal,Summer 2020,A,12,,5,17,24,53,2,1,10,0,,,,,,,,,,,,R,Relegated to B,R,,1,76,24,207,34946,2095,11.59%,50.04,,,0,707,913,134,552,2.32,14.68%,60.46%
,,,,,,,,,,,,,,,,,,,,,,,,,,,,,,,,,,,,,,,,,,,,,
Left Hand Hooligan,Summer 2020,B,1,,20,2,53,13,18,11,0,0,,,,,,,,,,,,P,Promoted to A,P,,5,112,53,184,32486,1564,28.80%,62.31,,,1,686,746,147,516,2.76,19.71%,69.17%
Red Rascal,Summer 2020,B,2,,12,10,38,28,13,6,3,2,,,,,,,,,,,,P,Promoted to A,P,,0,109,38,226,31252,1927,16.81%,48.65,,,0,609,781,115,462,2.34,14.72%,59.15%
The Jig,Summer 2020,B,3,,15,7,35,31,9,6,2,3,,5,1,11,2,3,,,,A/B Playoffs,W,P,Promoted to A,PP,,0,110,41,221,34363,2021,18.55%,51.01,,,0,869,1095,166,667,2.38,15.16%,60.91%
Deadhead Darter,Summer 2020,B,4,,9,13,38,28,8,6,5,0,,1,3,4,6,1,1,,,A/B Playoffs,SF,,,PP,,3,100,42,194,35721,1982,21.65%,54.07,,,1,696,912,140,528,2.29,15.35%,57.89%
The Lush,Summer 2020,B,5,,13,9,32,34,6,5,4,2,,1,1,3,4,,1,,,A/B Playoffs,1R,,,PP,,1,78,30,207,31175,1925,14.49%,48.58,,,0,648,890,121,482,2.18,13.60%,54.16%
MADhouse,Summer 2020,B,6,,16,6,31,35,7,5,4,2,,,2,1,3,,1,,,A/B Playoffs,1R,,,PP,,1,97,32,230,32949,2021,13.91%,48.91,,,1,700,911,120,555,2.31,13.17%,60.92%
Radar,Summer 2020,B,7,,10,12,35,31,10,4,2,5,,,,,,,,,,,,,,,,0,144,35,205,31488,1802,17.07%,52.42,,,1,650,898,125,497,2.17,13.92%,55.35%
Repat,Summer 2020,B,8,,10,12,32,34,3,4,4,3,,,,,,,,,,,,,,,,1,126,32,183,30774,1793,17.49%,51.49,,,0,642,867,117,502,2.22,13.49%,57.90%
Cali Kid,Summer 2020,B,9,,9,13,32,34,1,2,5,4,,,,,,,,,,,,,,,,1,97,32,204,31270,1847,15.69%,50.79,,,1,519,796,81,436,1.96,10.18%,54.77%
Bud The Chud,Summer 2020,B,10,,9,13,32,34,5,3,5,3,,2,,4,2,1,,,,B/C Playoffs,W,,,RP,,1,80,36,229,34205,1974,15.72%,51.98,,,0,700,953,119,552,2.20,12.49%,57.92%
The Accountant,Summer 2020,B,11,,7,15,27,39,2,1,8,2,,,,,,,,,,,,R,Relegated to C,R,,3,100,26,157,27707,1655,16.56%,50.22,,,0,531,754,90,434,2.11,11.94%,57.56%
Unholy Cannoli,Summer 2020,B,12,,2,20,11,55,3,0,11,0,,,,,,,,,,,,R,Relegated to C,R,,0,108,11,154,28157,1907,7.14%,44.30,,,0,474,826,80,301,1.72,9.69%,36.44%
,,,,,,,,,,,,,,,,,,,,,,,,,,,,,,,,,,,,,,,,,,,,,
Toaster,Summer 2020,C,1,,17,5,42,13,23,10,1,0,,,,,,,,,,,,P,Promoted to B,P,,1,89,42,171,26579,1445,24.56%,55.18,,,1,697,899,133,534,2.33,14.79%,59.40%
Bar-Boy,Summer 2020,C,2,,15,7,34,21,8,9,2,0,,,,,,,,,,,,P,Promoted to B,P,,0,78,16,153,24418,1722,10.46%,42.54,,,1,583,768,101,469,2.28,13.15%,61.07%
Alpine Stranger,Summer 2020,C,3,,17,5,31,24,3,9,2,0,,2,4,10,7,2,1,,,B/C Playoffs,F,,,PP,,0,100,41,269,34877,2108,15.24%,49.64,,,0,830,1177,173,649,2.12,14.70%,55.14%
Alky,Summer 2020,C,4,,15,7,30,25,9,6,5,0,,2,2,6,5,1,1,,,B/C Playoffs,SF,,,PP,,1,99,36,230,30482,1968,15.65%,46.47,,,1,775,1115,146,612,2.09,13.09%,54.89%
The Kylf,Summer 2020,C,5,,13,9,30,25,9,6,5,0,,1,1,1,4,,1,,,B/C Playoffs,R1,,,PP,,0,113,31,194,28153,1782,15.98%,47.40,,,0,808,1241,158,642,1.95,12.73%,51.73%
Triple T,Summer 2020,C,6,,15,7,27,28,4,7,4,0,,1,1,1,4,,1,,,B/C Playoffs,R1,,,PP,,0,95,28,214,28168,1874,13.08%,45.09,,,0,717,1027,139,561,2.09,13.53%,54.63%
Doughboy,Summer 2020,C,7,,8,14,27,28,5,5,6,0,,,,,,,,,,,,,,,,0,82,27,196,26038,1666,13.78%,46.89,,,1,546,824,106,421,1.99,12.86%,51.09%
Outlander,Summer 2020,C,8,,5,17,33,22,5,6,5,0,,,,,,,,,,,,,,,,0,70,33,173,25357,1684,19.08%,45.17,,,0,563,974,85,477,1.73,8.73%,48.97%
Uncle Corky,Summer 2020,C,9,,5,17,26,29,4,3,8,0,,,,,,,,,,,,,,,,1,60,26,188,24769,1814,13.83%,40.96,,,0,555,981,96,465,1.70,9.79%,47.40%
Slappy Pappy,Summer 2020,C,10,,9,13,18,37,3,0,11,0,,1,1,4,2,1,,,,C/D Playoffs,W,,,RP,,1,100,25,222,28866,2017,11.26%,42.93,,,0,613,1007,94,497,1.83,9.33%,49.35%
Mac Attack,Summer 2020,C,11,,8,14,19,36,9,3,8,0,,,,,,,,,,,,R,Relegated to D,R,,0,78,16,153,24418,1722,10.46%,42.54,,,0,561,927,96,449,1.82,10.36%,48.44%
The Cleaner,Summer 2020,C,12,,5,17,13,42,2,2,9,0,,,,,,,,,,,,R,Relegated to D,R,,1,66,13,173,24956,1721,7.51%,43.50,,,0,489,898,86,389,1.63,9.58%,43.32%
,,,,,,,,,,,,,,,,,,,,,,,,,,,,,,,,,,,,,,,,,,,,,
Scooter McGooch,Summer 2020,D,1,,15,3,27,9,12,8,0,1,,,,,,,,,,,,P,Promoted to C,P,,0,54,27,188,17920,1308,14.36%,41.10,,,0,485,794,82,392,1.83,10.33%,49.37%
Beef Easy,Summer 2020,D,2,,11,7,23,13,7,6,1,2,,,,,,,,,,,,P,Promoted to C,P,,0,73,23,199,17721,1348,11.56%,39.44,,,0,469,885,83,363,1.59,9.38%,41.02%
Darty South,Summer 2020,D,3,,12,6,22,14,5,5,4,0,,2,2,5,5,1,1,,,C/D Playoffs,SF,,,PP,,0,54,27,242,22356,1753,11.16%,38.26,,,0,640,1119,96,521,1.72,8.58%,46.56%
Music City Madman,Summer 2020,D,4,,10,8,20,16,6,6,3,0,,1,1,2,3,,1,,,C/D Playoffs,R1,,,PP,,0,80,22,201,19907,1524,10.95%,39.19,,,0,602,1119,89,506,1.61,7.95%,45.22%
Blademau5,Summer 2020,D,5,,10,8,16,20,6,4,4,1,,3,3,8,8,2,1,,,C/D Playoffs,F,,,PP,,1,60,24,231,24506,1923,10.39%,38.23,,,0,680,1293,92,580,1.58,7.12%,44.86%
The Law,Summer 2020,D,6,,10,8,16,20,5,3,4,2,,1,1,2,3,,1,,,C/D Playoffs,R1,,,PP,,0,40,18,190,19614,1568,9.47%,37.53,,,0,520,1102,85,417,1.42,7.71%,37.84%
The Fireman,Summer 2020,D,7,,9,9,17,19,3,2,3,4,,,,,,,,,,,,,,,,0,48,17,190,17498,1425,8.95%,36.84,,,0,561,1073,92,451,1.57,8.57%,42.03%
Dr. Feelgood,Summer 2020,D,8,,3,15,17,19,1,2,5,2,,,,,,,,,,,,,,,,0,41,17,184,16724,1437,9.24%,34.91,,,0,391,971,49,328,1.21,5.05%,33.78%
Mr. Packman,Summer 2020,D,9,,5,13,13,23,3,2,6,1,,,,,,,,,,,,,,,,0,40,13,145,16740,1307,8.97%,38.42,,,0,386,894,74,311,1.30,8.28%,34.79%
Liberty Fires,Summer 2020,D,10,,5,13,9,27,3,0,8,1,,,,,,,,,,,,,,,,0,56,9,149,16498,1406,6.04%,35.20,,,0,472,1111,80,377,1.27,7.20%,33.93%
,,,,,,,,,,,,,,,,,,,,,,,,,,,,,,,,,,,,,,,,,,,,,
Left Hand Hooligan,Fall 2020,A,1,,19,3,56,21,13,9,2,0,,,,,,,,,,Championship,,,,CP,,2,100,56,204,37162,1749,27.45%,63.74,,,1,720,707,168,515,3.06,23.76%,72.84%
King Rodge,Fall 2020,A,2,,15,7,55,22,16,8,3,0,,,,,,,,,,Championship,,,,CP,,4,151,55,198,37342,1723,27.78%,65.02,,,1,715,746,138,564,2.88,18.50%,75.60%
The Nooch,Fall 2020,A,3,,15,7,43,34,13,8,3,0,,,,,,,,,,Championship,,,,CP,,2,120,43,180,36303,1743,23.89%,62.48,,,0,631,651,145,462,2.91,22.27%,70.97%
The Surgeon,Fall 2020,A,4,,12,10,46,31,9,8,3,0,,,,,,,,,,Championship,,,,CP,,3,103,46,197,36472,1833,23.35%,59.69,,,0,692,731,143,495,2.84,19.56%,67.72%
Degrubs,Fall 2020,A,5,,14,8,42,35,12,7,4,0,,,,,,,,,,Championship,,,,CP,,1,101,42,190,36341,1890,22.11%,57.68,,,2,676,756,148,472,2.68,19.58%,62.43%
Dilly Dilly,Fall 2020,A,6,,16,6,36,41,15,7,4,0,,,,,,,,,,Championship,,,,CP,,5,157,36,170,35077,1801,21.18%,58.43,,,1,799,886,178,574,2.71,20.09%,64.79%
Shenandoah Slinger,Fall 2020,A,7,,11,11,41,36,7,6,5,0,,,,,,,,,,,,,,,,2,80,41,189,36229,1873,21.69%,58.03,,,0,665,832,129,526,2.40,15.50%,63.22%
The Train,Fall 2020,A,8,,9,13,32,45,6,3,8,0,,,,,,,,,,,,,,,,1,105,31,169,35142,1901,18.34%,55.46,,,0,757,921,141,574,2.47,15.31%,62.32%
Red Rascal,Fall 2020,A,9,,7,15,29,48,2,3,8,0,,,,,,,,,,A/B Playoffs,,,,RP,,0,109,29,172,34315,1940,16.86%,53.06,,,0,553,724,94,413,2.29,12.98%,57.04%
Lazer Cat,Fall 2020,A,10,,7,15,27,50,3,3,8,0,,,,,,,,,,A/B Playoffs,,,,RP,,0,67,27,199,34756,2043,13.57%,51.04,,,1,690,964,121,534,2.15,12.55%,55.39%
The Author,Fall 2020,A,11,,4,18,29,48,4,3,8,0,,,,,,,,,,,,R,Relegated to B,R,,1,122,27,152,32964,1888,17.76%,52.38,,,0,625,906,110,484,2.07,12.14%,53.42%
The Jig,Fall 2020,A,12,,3,19,26,51,2,1,10,0,,,,,,,,,,,,R,Relegated to B,R,,1,93,27,168,34000,1988,16.07%,51.31,,,0,664,944,113,533,2.11,11.97%,56.46%
,,,,,,,,,,,,,,,,,,,,,,,,,,,,,,,,,,,,,,,,,,,,,
Deadhead Darter,Fall 2020,B,1,,18,4,45,21,11,9,0,2,,,,,,,,,,,,P,Promoted to A,P,,1,84,45,195,31689,1801,23.08%,52.79,,,0,665,817,154,488,2.44,18.85%,59.73%
Bud The Chud,Fall 2020,B,2,,12,10,43,23,10,7,2,2,,,,,,,,,,A/B Playoffs,,,,PP,,0,84,43,227,32053,1822,18.94%,52.78,,,0,715,922,123,544,2.33,13.34%,59.00%
Cali Kid,Fall 2020,B,3,,12,10,40,26,4,6,3,2,,,,,,,,,,A/B Playoffs,,,,PP,,1,83,40,205,31701,1883,19.51%,50.51,,,0,654,931,117,515,2.11,12.57%,55.32%
Bar-Boy,Fall 2020,B,4,,14,8,33,33,8,5,5,1,,,,,,,,,,A/B Playoffs,,,,PP,,1,106,33,194,30791,1883,17.01%,49.06,,,0,644,851,96,522,2.27,11.28%,61.34%
Toaster,Fall 2020,B,5,,9,13,37,29,8,5,4,2,,,,,,,,,,A/B Playoffs,,,,PP,,1,102,37,220,31366,1907,16.82%,49.34,,,1,616,890,100,499,2.08,11.24%,56.07%
Radar,Fall 2020,B,6,,12,10,30,36,9,2,4,5,,,,,,,,,,,,,,,,0,87,30,188,30636,1841,15.96%,49.92,,,0,708,1012,144,543,2.10,14.23%,53.66%
Repat,Fall 2020,B,7,,13,9,28,38,11,3,5,3,,,,,,,,,,,,,,,,1,113,28,209,30881,1891,13.40%,48.99,,,0,675,897,136,503,2.26,15.16%,56.08%
DJ My Q's,Fall 2020,B,8,,9,13,31,35,7,4,6,1,,,,,,,,,,B/C Playoffs,,,,RP,,0,104,31,208,30200,1969,14.90%,46.01,,,0,601,912,95,477,1.98,10.42%,52.30%
The Criminal,Fall 2020,B,9,,9,13,27,39,11,3,7,1,,,,,,,,,,B/C Playoffs,,,,RP,,0,116,27,211,30973,1907,12.80%,48.73,,,1,819,1051,173,592,2.34,16.46%,56.33%
The Lush,Fall 2020,B,10,,8,14,28,38,8,3,6,2,,,,,,,,,,B/C Playoffs,,,,RP,,1,109,28,206,31271,1899,13.59%,49.40,,,0,658,962,109,525,2.05,11.33%,54.57%
MADhouse,Fall 2020,B,11,,10,12,26,40,6,3,6,2,,,,,,,,,,,,R,Relegated to C,R,,0,70,26,192,30495,1932,13.54%,47.35,,,0,578,816,112,446,2.13,13.73%,54.66%
Pepe Le,Fall 2020,B,12,,6,16,28,38,7,3,5,3,,,,,,,,,,,,R,Relegated to C,R,,0,93,28,182,29674,1935,15.38%,46.01,,,0,660,1013,101,523,1.95,9.97%,51.63%
,,,,,,,,,,,,,,,,,,,,,,,,,,,,,,,,,,,,,,,,,,,,,
Alpine Stranger,Fall 2020,C,1,,18,4,40,15,13,11,0,0,,,,,,,,,,,,P,Promoted to B,P,,0,100,40,187,26959,1564,21.39%,51.71,,,0,622,819,109,488,2.28,13.31%,59.58%
The Accountant,Fall 2020,C,2,,16,6,35,20,9,9,2,0,,,,,,,,,,B/C Playoffs,,,,PP,,0,129,35,196,25970,1707,17.86%,45.64,,,1,717,1048,124,578,2.05,11.83%,55.15%
Doughboy,Fall 2020,C,3,,13,9,36,19,9,8,3,0,,,,,,,,,,B/C Playoffs,,,,PP,,0,105,28,139,21340,1259,20.14%,50.85,,,0,530,735,91,409,2.16,12.38%,55.65%
The Kylf,Fall 2020,C,4,,13,9,30,25,8,7,4,0,,,,,,,,,,,,,,,,2,76,30,206,25810,1730,14.56%,44.76,,,0,630,944,113,511,2.00,11.97%,54.13%
Alky,Fall 2020,C,5,,13,9,28,27,7,5,6,0,,,,,,,,,,C/D Playoffs,,,,RP,,2,102,28,202,26558,1660,13.86%,48.00,,,0,652,946,121,515,2.07,12.79%,54.44%
Unholy Cannoli,Fall 2020,C,6,,12,10,24,31,4,4,7,0,,,,,,,,,,C/D Playoffs,,,,RP,,0,128,24,201,23661,1677,11.94%,42.33,,,0,516,834,98,316,1.86,11.75%,37.89%
Triple T,Fall 2020,C,7,,7,15,26,29,10,3,8,0,,,,,,,,,,C/D Playoffs,,,,RP,,0,59,25,213,26393,1752,11.74%,45.19,,,0,602,973,108,470,1.86,11.10%,48.30%
Slappy Pappy,Fall 2020,C,8,,10,12,24,31,3,5,6,0,,,,,,,,,,C/D Playoffs,,,,RP,,0,80,25,203,26957,1884,12.32%,42.93,,,0,598,959,96,486,1.87,10.01%,50.68%
Outlander,Fall 2020,C,9,,10,12,23,32,5,5,6,0,,,,,,,,,,C/D Playoffs,,,,RP,,0,110,26,232,27051,1893,11.21%,42.87,,,1,676,1087,120,535,1.87,11.04%,49.22%
Beef Easy,Fall 2020,C,10,,6,16,24,31,4,2,9,0,,,,,,,,,,,,R,Relegated to D,R,,0,113,24,180,25729,1782,13.33%,43.31,,,0,474,896,73,366,1.59,8.15%,40.85%
Scooter McGooch,Fall 2020,C,11,,7,15,20,35,4,4,7,0,,,,,,,,,,,,R,Relegated to D,R,,0,76,20,205,25783,1753,9.76%,44.12,,,0,591,983,78,497,1.80,7.93%,50.56%
Uncle Corky,Fall 2020,C,12,,7,15,20,35,2,3,8,0,,,,,,,,,,,,R,Relegated to D,R,,0,40,18,184,23144,1646,9.78%,42.18,,,0,506,833,101,413,1.82,12.12%,49.58%
,,,,,,,,,,,,,,,,,,,,,,,,,,,,,,,,,,,,,,,,,,,,,
The Fireman,Fall 2020,D,1,,19,3,34,10,15,10,0,1,,,,,,,,,,,,P,Promoted to C,P,,0,92,34,231,21616,1596,14.72%,40.63,,,0,708,1079,124,557,1.97,11.49%,51.62%
Music City Madman,Fall 2020,D,2,,17,5,27,17,6,7,2,2,,,,,,,,,,C/D Playoffs,,,,PP,,0,54,26,204,20539,1524,12.75%,40.43,,,0,672,1118,107,566,1.80,9.57%,50.63%
Magic Wizard,Fall 2020,D,3,,16,6,26,18,10,6,1,4,,,,,,,,,,D/E Playoffs,,,,RP,,1,59,26,178,21183,1498,14.61%,42.42,,,0,587,957,111,465,1.84,11.60%,48.59%
Darty South,Fall 2020,D,4,,12,10,29,15,7,7,4,0,,,,,,,,,,D/E Playoffs,,,,RP,,0,85,28,185,20319,1562,15.14%,39.02,,,0,526,870,95,413,1.81,10.92%,47.47%
Adanac,Fall 2020,D,5,,14,8,27,17,6,6,2,3,,,,,,,,,,D/E Playoffs,,,,RP,,0,54,27,208,21097,1599,12.98%,39.58,,,0,661,1203,122,511,1.65,10.14%,42.48%
The Cleaner,Fall 2020,D,6,,15,7,23,21,10,6,3,2,,,,,,,,,,D/E Playoffs,,,,RP,,1,74,23,174,21295,1446,13.22%,44.18,,,0,558,1010,102,448,1.66,10.10%,44.36%
Mac Attack,Fall 2020,D,7,,9,13,26,18,6,5,4,2,,,,,,,,,,,,R,Relegated to E,R,,0,69,25,208,19495,1559,12.02%,37.51,,,0,524,1035,86,429,1.52,8.31%,41.45%
Blademau5,Fall 2020,D,8,,10,12,24,20,3,5,4,2,,,,,,,,,,,,R,Relegated to E,R,,0,54,24,206,21102,1689,11.65%,37.48,,,0,589,1160,79,502,1.52,6.81%,43.28%
Liberty Fires,Fall 2020,D,9,,4,18,16,28,6,1,8,2,,,,,,,,,,,,R,Relegated to E,R,,0,60,16,184,19875,1732,8.70%,34.43,,,0,611,1355,90,487,1.35,6.64%,35.94%
The Law,Fall 2020,D,10,,7,15,13,31,2,1,8,2,,,,,,,,,,,,R,Relegated to E,R,,0,40,13,248,21019,1819,5.24%,34.67,,,0,542,1265,64,468,1.29,5.06%,37.00%
Gazpacho,Fall 2020,D,11,,5,17,13,31,0,1,8,2,,,,,,,,,,,,R,Relegated to E,R,,0,20,13,196,20217,1704,6.63%,35.59,,,0,532,1281,82,431,1.25,6.40%,33.65%
Dr. Feelgood,Fall 2020,D,12,,4,18,6,38,0,0,11,0,,,,,,,,,,,,R,Relegated to E,R,,0,52,6,158,19030,1650,3.80%,34.60,,,0,512,1304,91,420,1.18,6.98%,32.21%